id,name,dateOfBirth,address,phoneNumber
holder_0,Richard Gonzales,2001-10-09,"4805 Porter Lodge Apt. 121, Thomasberg, CT 16719",(585)238-6800
holder_1,Keith Rhodes,2006-09-29,"838 Alvarado Inlet, West Jacqueline, WA 24751",(934)362-3936x6499
holder_2,Lynn Farmer,1994-06-08,"7859 Jennifer Common, Williambury, ND 02795",725.410.8309
holder_3,Samantha King,1962-04-20,"0641 Richard Estate Suite 502, West Ashleymouth, MH 99045",594-982-1967x692
holder_4,Anthony Watkins,1953-09-02,"748 Mooney Lodge Apt. 970, Jamieview, WI 94928",(553)759-5318x29872
holder_5,Sue Rose,1985-02-16,"337 Garcia Flat, North Leslieshire, MN 86988",233-674-3901x987
holder_6,Renee Oconnell,1971-10-20,"30204 Blackburn Orchard, South Jennifershire, OH 20110",(556)382-5451x51154
holder_7,Jessica Price,1977-07-01,"818 Scott Lodge Suite 198, Huntfurt, MN 59182",(399)979-3181
holder_8,Donna Gonzalez,1958-09-21,"PSC 5138, Box 6191, APO AP 59146",+1-958-825-6872x5113
holder_9,Allen Gordon,1962-07-30,"1625 Kimberly Spring Suite 362, Baileyton, AL 84516",001-269-557-9793x892
holder_10,William Byrd,1951-11-14,"USNS Macdonald, FPO AE 40036",(998)280-5683
holder_11,Shannon Jones,1989-07-01,"99944 Diane Parkways Suite 861, West Nancy, SD 27193",564.234.8678
holder_12,Charles Jones,1967-05-19,"565 Armstrong River Apt. 195, Lake Kristen, MT 10973",+1-304-224-1722
holder_13,David Davies,1997-06-26,"PSC 6812, Box 3298, APO AP 13163",+1-703-396-9009x655
holder_14,Jennifer Newman,2000-08-16,"USNV Gray, FPO AP 16391",(912)220-9649x001
holder_15,Ricky Goodman,1993-08-14,"680 Michael Skyway Suite 757, North Geoffreyton, NY 50219",(514)493-3039x8633
holder_16,Brett Flores,1980-09-03,"3659 Williams Flats Apt. 272, Tylerfort, WY 63577",251-586-5510
holder_17,John Williams,1981-11-05,"704 Rodriguez Circles Apt. 878, Port Michael, OR 96885",363.957.6254
holder_18,Victoria Daniel,1981-08-09,"37534 Shannon Crest, South Matthewview, NE 88662",329-220-1704x238
holder_19,Casey Dorsey,1979-04-08,"568 Smith Valleys, South Karen, IN 93336",+1-897-291-5440x326
holder_20,Justin Allen,1960-10-14,"64749 Vanessa Groves, Genechester, TX 61768",001-203-623-2843
holder_21,Cole Brooks,1981-07-29,"1250 Keith Landing Apt. 981, Holtfort, MH 47896",618-857-9651x1634
holder_22,Ian Morales,1949-12-16,"470 Smith Cape, Nicoleberg, DE 11579",(490)718-2044x937
holder_23,Joseph Odom,1956-08-17,"548 Castaneda Corner, Jamesstad, NC 20905",336-490-2289
holder_24,Raymond Duncan,1974-03-16,"13166 Patricia Pike, Howardton, ID 83773",347.480.1295
holder_25,Katrina Berger,1984-03-14,"00978 Scott Valleys Suite 328, Scotthaven, VA 70714",001-697-869-8131
holder_26,Ryan Orr,1950-07-10,"044 Perkins Mission Apt. 954, West Joshua, MN 71877",2317633176
holder_27,Jeremy Gardner,2000-02-23,"4217 Monroe Freeway, Lake Tiffanyport, KY 08888",225.990.1647
holder_28,Alexander Shields,2005-08-02,"18110 Richard Mountains, New Jenniferfort, DE 66068",344.507.1928x4500
holder_29,Jillian Contreras,2003-09-01,"USCGC Wood, FPO AE 38253",882-878-5835x6735
holder_30,Tony Nelson,1987-11-09,"320 Deborah Field, Virginiaberg, DE 42884",(782)913-2117x345
holder_31,Charles Beck,2001-12-28,"298 Clark Motorway Apt. 299, Audreyberg, AZ 55932",445.339.4304x380
holder_32,Mr. Jason Garcia IV,1986-11-16,"89294 Thompson Crescent Suite 927, South Russellstad, AR 72769",+1-414-733-7924x673
holder_33,Kevin Williams,1960-02-02,"449 Kelly Ridges Suite 295, East Jefffurt, MS 90114",+1-842-957-0484x810
holder_34,Terri Brown,1994-09-25,"6038 Vanessa Ville, Port Susan, MP 48577",831.475.2980x56381
holder_35,Kimberly Martinez,1988-07-21,"76300 Pitts Lodge Apt. 881, North Johnnyfort, ME 13987",321.616.4070
holder_36,Ann Flynn,1945-05-05,"911 Torres Via Suite 991, Nicholasland, HI 01739",763-451-0320x371
holder_37,James Garcia,1990-11-29,"2882 Stewart Island, New Franciscoport, AL 84426",371-471-5074
holder_38,Angela Bailey,1995-12-16,"2458 Parks Route, Lake Jessica, WV 32656",421-394-6495x29385
holder_39,Eric Maxwell,1969-08-14,"59092 Samuel Ports, Jamesville, PA 92635",001-550-769-3162x18364
holder_40,Corey Bell,1944-03-20,"82803 Jeremy Point, Jenniferton, MD 64579",001-323-884-9185x661
holder_41,Christopher Robinson,1942-10-11,"08182 Brooks Track Suite 681, Jamesburgh, FL 80574",(881)670-6875x3304
holder_42,John Bean,1946-09-25,"PSC 2903, Box 7801, APO AA 83948",625.484.4856
holder_43,Matthew Hines,1965-08-05,"397 Haley Cliffs, West Peter, GA 34610",211.637.4321
holder_44,Victoria Mckinney,2000-06-24,"18019 Herrera Isle Apt. 847, Georgeport, MI 02537",640.847.7126x169
holder_45,Juan Davis,1984-09-15,"935 Merritt Circles, Kaylaview, MH 58801",(651)713-7200
holder_46,Misty Russo,1982-08-17,"63790 Morris Parkways, New Heather, CA 47896",543.920.4412
holder_47,Mallory Lucas,1989-07-03,"261 Howard Ways Suite 439, Bradleychester, WY 58054",+1-742-433-6677x7467
holder_48,Gwendolyn Flores,1993-11-01,"3199 Howell Ramp Suite 995, Aaronberg, KY 01525",994.236.1232x757
holder_49,Victor Robinson,1953-06-07,"2881 Kelly Mills Suite 485, Andersonton, MD 51813",338.553.0062x4524
holder_50,Victoria Robertson,1944-07-11,"6786 Hayley Fields Suite 950, Nicholasborough, SD 93966",992-501-4183
holder_51,Robert Hartman,1989-03-06,"7729 Oliver Place Suite 490, Lake Derek, VA 96236",773-660-2573x76165
holder_52,Brian Serrano,1956-12-04,"0113 Cooper Hill Suite 821, Davidborough, NY 57684",+1-339-906-3558x1959
holder_53,Timothy Downs,1984-04-14,"985 James Center Suite 809, Lake Davidmouth, OK 77887",422.304.3451x82603
holder_54,Judith Diaz,1978-11-04,"64493 Jennifer Trail Suite 213, Williamsfurt, DC 14654",+1-458-906-1179
holder_55,Samuel Martin,1943-03-30,"930 David Coves Apt. 774, New Michelleview, PW 30228",9685160771
holder_56,Emily Hammond,1947-12-03,"4628 Richardson Key, Port Hannah, UT 12720",745-362-4102x691
holder_57,Ashlee Cain,1989-09-20,"7909 Wiley Bridge Apt. 057, South Francesfort, IL 18401",299.217.3457x448
holder_58,Donna Kennedy,1996-05-11,"06844 Laura Route, Davidchester, WY 58949",423-619-9668x876
holder_59,John Howard,2002-01-28,"914 Anthony Key Apt. 612, Angelaview, DE 04336",+1-451-595-3713
holder_60,Pam Jones,1994-06-10,"3226 Catherine Corner, Adamsland, TN 80636",3392038176
holder_61,Sonia Mcfarland,1967-03-18,"31710 Padilla Mission Apt. 598, Nelsonville, UT 92737",(641)857-8235x8757
holder_62,Barbara Rollins,1995-05-06,"4656 George Meadows, South Andrew, DC 77027",(213)584-2255
holder_63,David Kennedy,1956-09-27,"520 Velazquez Light Suite 072, New Victoriaberg, TN 85243",+1-834-876-1579x34560
holder_64,Larry Barnett,1948-09-15,"38455 Shelia Road, Stephensland, MO 36583",001-298-750-3977x91931
holder_65,David Lee,1988-08-22,"05340 Helen Oval, Jacksonbury, AK 32077",951-472-2000x56106
holder_66,Robert Douglas,1941-08-24,"8600 John Courts Suite 895, Lake Toni, FM 79889",493-732-4211x875
holder_67,Patricia Lewis,1976-11-22,"4344 Brennan Parkways Suite 314, Port Lindaberg, AS 55401",387-884-5238x948
holder_68,Steven Young,1991-12-22,"103 Owens Loaf Suite 547, Lake Michaelstad, NC 31115",451-809-2376x1901
holder_69,Craig Thomas,1978-02-08,"026 Martin Turnpike, Lake Emilyfurt, SC 54355",562.906.2665x16221
holder_70,Michelle Whitaker,1969-07-03,"70825 Patel Light Apt. 265, Hintontown, MS 52260",392-390-5287
holder_71,Felicia Neal,1940-04-03,"196 Courtney Locks Apt. 234, Bryanchester, MT 80446",(418)987-8709
holder_72,Valerie Perry,1945-09-14,"PSC 7217, Box 2233, APO AP 58540",+1-283-546-0349x1604
holder_73,Michelle Smith,1995-08-20,"PSC 0411, Box 1857, APO AA 79531",(569)249-4001x80111
holder_74,James Smith,1959-08-17,"422 Robinson Route Apt. 249, Kyleville, AR 96128",604.261.4934x49721
holder_75,Phillip Thornton,2000-06-06,"63199 Angela Green, East Sean, IL 71133",001-235-839-2810x202
holder_76,Robert Mckay,1973-11-22,"02098 Schaefer Mountains Apt. 880, Gutierrezmouth, MA 74036",573.865.0943
holder_77,Ryan Oneill MD,1982-10-10,"00216 Carol Freeway Suite 082, Lake Brittany, DC 19704",641.671.8108
holder_78,Richard Yang,1987-10-09,"9117 Joshua Pines, Knightburgh, NM 91431",+1-615-727-9618x977
holder_79,Michael Levine,2005-06-13,"857 Montes Vista Apt. 983, Johnsontown, MP 60930",534-279-2125x36155
holder_80,Austin Andrade,1970-01-31,"794 Thomas Rapid Suite 175, Stacystad, OK 12663",506.551.4095
holder_81,Mary Hill,1987-04-28,"Unit 3170 Box 6185, DPO AE 83132",679-403-3228x15495
holder_82,Justin Ward,2006-10-29,"6326 Brittany Freeway Suite 249, Lake Susanton, NM 88364",546.938.7415x25424
holder_83,Jennifer Crawford,1943-08-01,"690 Foster Fields, Andreafurt, OH 22016",001-687-699-4426x188
holder_84,Gary Taylor,1996-09-26,"95436 Thompson Expressway, New Laceymouth, MO 17740",001-561-346-9561x79305
holder_85,Connie Anderson,1947-06-21,"2767 Eric Causeway, East Terriville, WV 59842",738.475.8487
holder_86,Patricia Taylor,1968-09-27,"15556 Hunt Club, Markville, CA 94223",(424)646-6507x2901
holder_87,David Jimenez,1963-06-20,"PSC 5036, Box 1468, APO AP 49977",209-333-3286x6297
holder_88,David Green,1966-10-15,"63513 Alvarez Drive, North Heidiborough, AZ 92319",979-421-6123
holder_89,Robert Harvey,1978-07-04,"14632 Clark Knolls, North Laurafurt, NV 38354",001-857-380-2689
holder_90,Marcus Beasley,1970-10-06,"Unit 5318 Box 9474, DPO AE 56510",662.216.0907x92652
holder_91,Rebecca Williams,1959-01-14,"18668 Kayla Corner Apt. 101, Westville, DE 91325",(730)390-9100x7853
holder_92,Lisa Mason,1986-03-14,"93323 Richard Rapid Apt. 725, Lindaside, FM 15544",+1-285-552-8025x56407
holder_93,Sandra Sullivan,1958-12-24,"9403 Tina Circle, Petersonton, PR 39965",784-748-9781x116
holder_94,Sarah Terry,1942-07-29,"152 Wang Extensions, Lake Joeport, FM 48401",656.819.3995x45296
holder_95,Steve Jones,1950-01-13,"87065 Perkins Plaza Apt. 610, South Jadeport, WI 65040",7133767611
holder_96,Mr. Jesus Yu,1940-05-10,"844 Parker Plains, New Rachel, MP 51626",7209689698
holder_97,Donald Smith,2003-07-23,"165 Darren Hills Apt. 452, New Davidville, KS 78708",6568172294
holder_98,Keith Carpenter,1962-10-25,"11539 Moore Isle Apt. 109, South Pamela, VI 16308",240-805-3686x06056
holder_99,Leslie Landry,1957-04-20,"819 Daniel Ranch, Delgadofort, MH 76686",805-946-2330
holder_100,Dylan Robbins,1942-01-14,"034 Kimberly Pine Apt. 713, South Jeffreyborough, ND 17556",501.312.1791
holder_101,Jacqueline Simmons,1981-03-08,"9582 Hill Plains, Moorefurt, RI 87844",+1-967-263-6756x73145
holder_102,Christopher Black,1975-11-15,"3889 Johnson Shore Suite 497, North Amberbury, TX 74594",963.290.6522x79616
holder_103,Tracy Williams,1981-01-15,"41153 Linda Ridges, North Adammouth, UT 64416",001-915-627-8359x5507
holder_104,Daisy Anderson,1998-06-30,"703 Michael Roads, East Courtney, HI 63230",(379)795-8799x98896
holder_105,Jose Rodriguez,1942-02-23,"1900 Walker Ridge, Lindaburgh, IN 10319",459.842.7958
holder_106,Spencer Allison,1960-05-28,"045 Danny Fall, Bartonside, KY 59768",976-348-5599x43088
holder_107,John Cobb,1982-09-11,"85609 Bryan Locks Apt. 467, Robertfort, GA 58866",001-534-703-2498x948
holder_108,Frederick Barrett,1959-11-23,"102 Jason Run Suite 573, Port Christina, MN 67028",(571)591-8814x86233
holder_109,Ashley Fisher,1991-02-15,"74106 Butler Junction Apt. 897, Cookport, NH 10583",001-568-302-0385
holder_110,Denise Mcmahon,1993-06-18,"443 Troy Prairie, Port Brandonstad, NC 55017",4924095492
holder_111,Elaine Adams,1961-01-06,"7145 Gamble Mountain, East Krystal, MD 16264",+1-711-498-5634
holder_112,Breanna Davis,1959-07-15,"0268 Mendez Corners, South Joelmouth, AR 11099",(807)776-9464x169
holder_113,Alyssa Wilson,2003-12-01,"26150 William Stravenue, North Ianland, WY 30191",666.410.5409x898
holder_114,Taylor Jordan,1952-09-30,"5469 Julia Villages Apt. 616, East Juanfort, NH 58251",212.566.6031x086
holder_115,Jennifer Martinez,1960-07-18,"120 David Skyway Suite 632, New Saraton, IL 53238",(427)600-2732x066
holder_116,Robin Hunter,1999-12-23,"977 Byrd Via, North Jamesville, GU 64602",(838)239-0017
holder_117,Anthony Cooper,1980-09-06,"80513 Obrien Walks Apt. 794, Port Brett, PR 57660",387-518-7831
holder_118,Wendy Melton,1995-12-26,"5694 Powell Forest, Lewisview, ID 82410",225-883-1558x3680
holder_119,Matthew Miller,1961-02-26,"3326 Payne Highway Apt. 615, West Tammy, WI 80254",660-792-9554x190
holder_120,Roger Davis,1951-12-29,"526 Sandra Unions Apt. 275, North Peter, MN 32273",(654)783-5368x2910
holder_121,Joanna Stokes,1991-06-23,"2760 Blake Port, Welchfurt, WA 38294",9338710978
holder_122,Matthew Williams,2005-05-14,"USNV Price, FPO AA 26315",624.283.4555x15356
holder_123,Eric Lowe,1954-02-25,"85674 Clark Plains, North Brandon, OR 59379",459.975.9688x972
holder_124,Jessica Mitchell,1971-09-22,"80577 John Rapid, Wrightberg, NH 61131",827.559.8475x5832
holder_125,Kathleen Johnson,2005-03-02,"81175 Harvey Loaf, Longtown, SD 29883",953.517.9299x76941
holder_126,Autumn Potter,1962-01-14,"4556 Nathan Station Suite 214, East John, WV 28867",(224)824-3917
holder_127,Jonathan Weeks,1947-04-21,"7192 Farmer Circle, Patrickland, FM 55211",(726)624-9250x52000
holder_128,John Bruce,1978-10-04,"1146 Savage Hill Apt. 290, Lambertfort, ME 15789",438-242-5192
holder_129,Teresa Burton,1980-05-27,"1872 David Parks, Johnsonstad, IA 90389",261-998-9532x92432
holder_130,Michelle Chavez,2000-11-14,"90010 Hayley Plains Suite 160, New Kim, HI 50757",001-373-217-9716x36375
holder_131,Kirk Blankenship,2003-07-26,"PSC 8327, Box 8437, APO AP 57569",813.521.9516
holder_132,Amy Acosta,1948-01-19,"0546 Diane Avenue, Lake Michael, KY 78308",223.860.5987
holder_133,Sandra Martinez,2000-12-17,"8223 Linda Points, South Robert, ND 91011",622-737-2898x8197
holder_134,Wayne Le,1948-08-10,"3344 Haynes Ridges Apt. 894, East Shannon, ND 09491",925.996.3558x1227
holder_135,James Edwards,1978-02-08,"Unit 4402 Box 5960, DPO AP 37543",(782)770-9999
holder_136,Karen Richards,1974-02-09,"933 Rodriguez Cove, North Jeromeshire, LA 77149",(368)299-0424x82595
holder_137,William Martinez,1968-04-26,"95610 Veronica Locks Suite 053, Huntborough, MA 06512",(259)783-8482x138
holder_138,Robert Mccarthy,1947-12-04,"22298 Jackson Harbor Apt. 957, West Steven, IN 08369",(889)831-2864x875
holder_139,Matthew Thomas MD,1985-09-17,"601 Logan Mall Apt. 394, Jennifermouth, TX 47765",+1-728-231-3275x427
holder_140,Anthony Parker,1944-09-04,"9187 Erica Landing, Hallmouth, OR 45189",(666)389-0022
holder_141,Anna Krueger,1974-12-19,"85714 Marissa Fort, East Jeremy, PR 94352",+1-775-699-2141x364
holder_142,Beverly Perez,1992-03-06,"57469 Martinez Forest, Martinezhaven, VA 46598",001-427-201-3386x589
holder_143,Scott Miller,1958-12-06,"218 Diaz Pass, Lake Kevinhaven, DC 27741",+1-727-420-4143x04473
holder_144,Rebekah Fox,1992-04-11,"425 Richard Turnpike Suite 829, Brownview, GA 65258",568-452-7368
holder_145,Jeffery Ward,1979-03-26,"963 James Rapid Suite 517, New Lauren, FM 64951",225.337.9391
holder_146,Dr. Michael Davis,1941-05-23,"868 Rodriguez Camp Suite 653, Davidshire, KS 34999",+1-569-741-8002x9126
holder_147,Richard Cook,1954-06-05,"11877 Collins Falls Suite 667, Lake Johnburgh, NJ 69775",703-237-1319
holder_148,Wanda Murphy,1957-10-21,"9920 Eric Keys Suite 190, East Jacob, MH 23186",(674)362-9624x341
holder_149,Carlos Lam,2006-05-02,"6770 Gill Dam Apt. 893, Sarahstad, OR 01360",745-269-9908x6390
holder_150,Timothy Little,1943-01-06,"69739 Underwood Hollow Apt. 485, Charleschester, TN 89984",653.986.5713x66184
holder_151,Jose Garcia DVM,2005-11-16,"0097 Vincent Ports Suite 933, East Brandon, AR 45132",+1-883-845-9365
holder_152,Robert Riley,1946-06-25,"9257 Dennis Passage Apt. 884, Lake Amy, NJ 77775",+1-367-797-6890x268
holder_153,Stephanie Smith,1951-08-31,"41819 Donna Locks, South Sherry, NM 18987",001-404-606-6424x585
holder_154,Andrew Swanson,1958-08-14,"USNV Johnson, FPO AA 89286",768.722.1871x40156
holder_155,Kristy Ward,1963-09-11,"1597 Tammy Spur, West Jonathan, DC 75941",(401)270-7324x731
holder_156,Julia Ellis,1961-12-16,"Unit 4344 Box 0258, DPO AP 36725",973-432-9916x81873
holder_157,Toni Lewis,1989-03-31,"52558 Tamara Rapid, Peggymouth, PW 15289",791.921.3786x492
holder_158,Cameron Henderson,1971-01-18,"4795 Timothy Land Apt. 108, Alexanderfort, DC 74627",6723268055
holder_159,Rebecca Oneill,1952-07-12,"196 Scott Ferry Apt. 793, North Jeremyville, WY 08784",979-474-4455
holder_160,Jennifer Prince,1954-12-28,"PSC 0591, Box 2410, APO AA 27567",001-243-528-7911x2774
holder_161,Kathleen Nash,1998-10-11,"6192 Stephenson Mount Suite 756, Lake Anna, WY 90884",4118809325
holder_162,Jason Malone,1946-07-20,"795 Martin Passage, Perryfort, AR 26695",+1-630-240-6226
holder_163,Larry Arellano,1957-09-21,"73724 Robert Throughway Suite 073, Paulberg, PA 63420",(431)811-8698
holder_164,Melissa Greer,1958-07-08,"6041 John Roads Apt. 362, North Mistyfort, ND 66449",389-500-9524
holder_165,Jasmine Wade,1973-12-06,"PSC 4405, Box 3045, APO AP 15498",286-944-1198x7282
holder_166,Derek Pham,1991-10-29,"5695 Davis Mews, Patrickton, AK 93082",(343)962-3899x7330
holder_167,Nathan Weiss,1945-07-23,"930 Jenna Cape Apt. 373, Port Blake, CO 46156",001-658-914-1216x940
holder_168,Joshua Knapp,1973-06-19,"218 Evans Hills, Chadtown, IL 14665",(823)571-0656
holder_169,Jeffrey Morgan,1975-05-24,"PSC 4513, Box 5721, APO AE 41604",(455)689-6849
holder_170,Michael Herrera,1964-12-04,"847 Kristi Ways, West Meganhaven, IA 08991",(828)784-0267x9296
holder_171,Michael Parrish,1976-09-06,"17288 Brian Ports Apt. 420, Melanieburgh, MA 81608",+1-598-997-7160x29626
holder_172,Jamie Sullivan,1991-09-30,"234 Christopher Crossing Suite 620, North Melanie, PW 34425",+1-581-686-9548
holder_173,Melanie Valencia,1951-01-10,"81551 Shawn Views, Josephmouth, NY 47171",876.982.4470x36271
holder_174,Jennifer Rose,1939-09-01,"741 Kevin Mews, New Aliciahaven, NV 17982",001-543-761-9689x3305
holder_175,Larry Thompson,1973-06-21,"77586 Franco Lodge, Christopherfort, FM 24716",+1-988-937-1885x879
holder_176,Erica Johnson,1989-09-26,"24014 Sherry Extensions, East Julie, SC 06620",432-610-3040x4056
holder_177,Kayla Joyce,1997-02-07,"808 Lindsey Meadow Apt. 515, Kirkchester, LA 14368",477.306.4968x65266
holder_178,Gary Jordan,1998-08-24,"4531 Paul Parks Apt. 219, Davidton, AS 68698",001-256-406-5883
holder_179,Kristen Howard,1958-07-15,"787 Moore Way Apt. 812, Port Alyssa, VT 56783",858-763-4644
holder_180,John Gordon,1994-06-18,"27643 Debra Points, Lake Christinefurt, MP 78415",689-294-7864x66052
holder_181,David Hill,2000-02-28,"08907 Ramirez Lock Suite 919, Cannonburgh, KS 20046",419-395-3607x9330
holder_182,Roberta Hernandez,1963-02-10,"874 Melody Mountain Suite 389, Port Stevenland, UT 53561",(417)284-2190x9078
holder_183,Jennifer Harris,1988-05-28,"0254 Andrea Drives, Seanburgh, PW 57399",001-233-334-2379x087
holder_184,Nicholas Soto,1996-07-24,"144 Amanda Brook Suite 139, Edwardview, WI 38232",(488)560-1243x005
holder_185,Tanya Alexander,1960-09-16,"05552 Erica Meadows, Josephside, NV 44955",(527)851-9892x2415
holder_186,Stephen Bennett,1967-12-09,"USNV Valenzuela, FPO AP 73869",(897)332-3259x7371
holder_187,Connie Butler,1980-06-19,"Unit 5514 Box 3898, DPO AA 45371",373-698-4651x66035
holder_188,Amber Jacobs,2004-12-17,"724 Anna Mission, East Howard, IL 03297",+1-925-833-9774x385
holder_189,Stacy Krueger,1982-05-11,"USS Scott, FPO AA 21650",+1-810-774-5304x46725
holder_190,Brandon Phelps,1954-06-20,"354 Allen Viaduct, East Gwendolynville, MD 17987",(608)236-4759
holder_191,Brian Browning,1959-04-14,"PSC 3354, Box 0852, APO AP 80989",+1-669-866-3288
holder_192,Nicole Harper,1962-11-05,"82870 Baker Pike Apt. 169, Jacksonmouth, IN 73651",001-813-416-2742x95509
holder_193,Oscar Jackson,1972-03-20,"23202 Nicholas Mall, Youngside, VT 66824",661-866-5895x1466
holder_194,Andrea Barber,1987-10-20,"07345 Alan Run Apt. 574, Alejandromouth, KS 94499",+1-396-497-9087x9172
holder_195,Rachel Singleton,1977-08-22,"859 Edwards Estates Apt. 772, North Todd, HI 63093",+1-663-707-3614
holder_196,David Mcconnell,1957-08-16,"8913 Paul Square Apt. 351, Monroetown, KY 07131",+1-758-887-3723x547
holder_197,Jeremy Vasquez,1989-07-19,"7098 Anita Springs Suite 836, Lake Stefanie, VI 13010",529.721.5176
holder_198,Theresa Barker,1944-10-28,"401 Smith Meadows, New Morganstad, LA 33346",912.530.4570x904
holder_199,David Hill,1969-01-11,"696 Michael Cape Apt. 157, Andrewfort, OR 08141",+1-504-886-0267x0892
holder_200,Katrina Brewer,1951-05-12,"1021 Robert Estates, Wardshire, PW 70552",(859)688-5739x973
holder_201,Michael Bowman,1967-10-01,"7069 Turner Rapid Suite 218, Johnsonshire, UT 33958",001-955-678-6568x132
holder_202,Denise Browning,1949-04-09,"2594 Timothy Lock Apt. 433, Robertside, WI 05785",470-487-7773x469
holder_203,David Hodges,2004-05-12,"826 Patrick Well, Barnesville, NH 61495",6448444123
holder_204,Devon Wilson,2003-03-30,"Unit 6904 Box 7840, DPO AP 43185",283-263-7434
holder_205,Amanda Johnson,2006-10-14,"64176 Aaron Meadows, West Candice, OR 47255",(778)498-5581x63220
holder_206,Jessica Spencer,1988-10-17,"3881 Williams Forks, Port Fredborough, AZ 82031",+1-445-611-2295
holder_207,Patricia Ramos,1951-05-06,"92885 West Mill, West Kylefort, OH 67160",001-224-319-0310
holder_208,Edwin Turner,1990-09-23,"8094 Richardson Stravenue, Port Cynthiaside, SC 98088",(348)259-3968x0887
holder_209,Laura Martinez,1949-06-23,"7677 Elizabeth Island, East Josephburgh, RI 26823",867.774.8104x15635
holder_210,Shari Rodriguez,2004-07-26,"61065 Michael Plaza, New Kristinefurt, CO 98983",365.292.3213
holder_211,Michael Jensen,1997-04-21,"287 Hicks Light Suite 673, Taylorville, OH 83778",993.206.7119
holder_212,Zachary Holloway,1960-12-13,"55956 Alexander Divide Suite 348, Lindsayburgh, FL 85864",991-673-5811x025
holder_213,Jane Smith DDS,1971-05-09,"USNS Santana, FPO AA 45651",841-550-1999x877
holder_214,Rhonda Lester,1972-10-30,"95093 Mary Court, New Meaganberg, WI 80628",(229)693-3295x5425
holder_215,James Marshall,1950-11-02,"3515 Nathan Lights, Markmouth, MN 50171",394-817-2663x87807
holder_216,Joseph Martinez,1983-12-20,"64918 Joel Grove Suite 482, Lake Tanyamouth, PA 19475",001-333-332-3184x95381
holder_217,Jeffrey Woods,2000-05-11,"USCGC Hernandez, FPO AP 10577",001-353-875-5973x3165
holder_218,Amanda Johnson,1963-01-29,"4332 Alexandra Mission, Sarahfort, DE 94465",555.469.2686
holder_219,Andrew Russo,1969-08-21,"148 Hernandez Club Apt. 835, Joseburgh, RI 97767",702-482-6789
holder_220,Sean Ward,1959-03-19,"257 Joshua Avenue, Davidfurt, KS 46986",001-221-762-1016x47550
holder_221,Shannon Craig,1997-06-02,"4473 Cisneros Village, Lake Samanthachester, NJ 59477",+1-704-857-9064x534
holder_222,Jake Harrison,1946-07-29,"883 Chapman Point Suite 110, Griffinborough, NJ 52929",001-846-873-0270x936
holder_223,David Kim,1954-01-14,"371 Shelby Squares, West Sarahstad, NH 74266",734.598.7775x8185
holder_224,Madison Dean,1944-02-19,"2880 Jennifer Court, Lake Christine, FM 37430",+1-348-962-6735
holder_225,Michael Oconnor,1961-11-25,"Unit 6170 Box 6814, DPO AE 38723",001-248-894-5215
holder_226,Andrew Diaz,1965-02-01,"3814 Jackson Brook Suite 398, Savannahside, DC 77741",658.446.1258x0710
holder_227,Ashley Anderson,1942-10-18,"24337 Dustin Corners Suite 284, Rogerston, DE 83018",+1-700-626-8363x38947
holder_228,Eric Vincent,1974-09-03,"858 Moore Avenue Suite 118, Mindyton, PW 66578",001-317-569-3053x942
holder_229,Melissa Lang,1968-06-07,"0774 Lori Overpass Suite 615, South Frank, AZ 17221",001-783-871-3249x13133
holder_230,Gerald Hartman,1952-06-20,"106 Moss Mission Apt. 450, Flynnfort, IL 48494",001-678-561-9528x9787
holder_231,Joel Ibarra,1993-05-13,"91055 Perez Inlet Apt. 244, West Catherineton, TN 08192",(390)318-9922x1800
holder_232,Amanda Campbell,1956-07-03,"66926 Tate Estates Suite 652, Jenniferfurt, ND 91428",832.887.2727
holder_233,Madison Mcbride,1944-03-12,"USNS Howard, FPO AE 75456",(622)364-3152x4210
holder_234,Scott Garcia,1992-05-26,"20470 Reynolds Manor Suite 830, West John, OH 04176",+1-896-393-8004
holder_235,Jacob Black,1965-08-02,"Unit 2549 Box 1327, DPO AA 76014",001-276-848-5024
holder_236,Jessica Lowery,1981-10-07,"66200 Sanders Circles, Torreshaven, AZ 07279",(842)535-6599x84202
holder_237,Rachel Bowers,1965-05-31,"7698 Williams Via Suite 636, Mccarthybury, PA 88655",3959048430
holder_238,Brandon Cline,1978-06-12,"USNV Reynolds, FPO AP 60347",+1-242-801-9841
holder_239,Julie Parks DVM,1983-07-26,"478 Burgess Plaza, Brittanyfurt, HI 48652",310.383.3963x4591
holder_240,Mrs. Jennifer Jordan,1968-10-08,"9734 Victor Locks Apt. 264, Lopezport, MT 40887",001-483-338-7408x22317
holder_241,Brandon Lyons,1996-06-30,"0311 Holland Roads, Mcguirestad, AR 60809",915.495.8990
holder_242,Jeremy Maddox,1972-03-02,"98818 Omar Road, South Bridgetstad, NJ 05849",924-709-3871x64718
holder_243,Ms. Nancy Walters,1970-11-15,"9132 Wheeler Mill, Port Melissafurt, CT 42373",3375329803
holder_244,Mary Ferguson,1979-12-17,"224 Misty Alley Apt. 553, Brennanborough, KS 81619",(425)930-8154x72940
holder_245,Daniel Tate,1954-10-21,"442 Sean Mews Apt. 886, Donaldhaven, DE 65434",+1-438-684-7501x588
holder_246,Jonathan Miller,1982-05-10,"67679 Holloway Harbors Apt. 747, West Loriside, IL 98732",308.781.6285x5457
holder_247,Christopher White,1953-06-19,"635 Michelle Junction, Patriciaside, NM 79528",(382)467-2506
holder_248,Victoria West,2002-07-28,"PSC 9154, Box 0700, APO AE 03205",+1-706-309-8517x2868
holder_249,Annette Keller,1961-04-08,"8022 Parker Plaza, New Wayneburgh, NV 75789",7823681331
holder_250,Robert Contreras,1945-02-03,"76518 Stephanie Hollow, Jimenezberg, ID 67755",797-388-5554
holder_251,Sheila Thompson,1962-12-03,"4770 Smith River Suite 780, Williamport, FM 07047",887.391.7414x0666
holder_252,Leslie Williams,1993-09-14,"3150 Jones Knolls, Lake Catherine, PR 35163",(957)627-0233x75744
holder_253,Elizabeth Baldwin,1997-03-19,"992 Hill Crescent, Angelamouth, AL 58304",+1-372-996-8714x933
holder_254,Lisa Martinez,2000-03-20,"746 Mclean Island Suite 304, Brianmouth, NY 63646",+1-278-750-6967x106
holder_255,Charles Morrison,1951-06-02,"554 Aguirre Dam, West Hayleyhaven, IA 66133",531-659-9377x6254
holder_256,Nicholas Turner,1966-06-28,"692 Francis Burg, Hammondchester, PW 85176",588-244-4113x0845
holder_257,Dustin Reyes Jr.,1990-10-21,"29744 Jensen Fort, Port Roberttown, ND 90591",001-513-832-8767x75911
holder_258,Adam Padilla,1966-02-07,"232 Ross Burg, Edwinberg, ND 37010",722-381-2484
holder_259,Michael Adams,1992-02-29,"11495 Medina Pike, Santanaton, ME 99148",753.604.3936x27504
holder_260,Bridget Tate,2002-07-08,"61688 Jason Pines, Bennettmouth, NV 19497",001-803-619-5202x9712
holder_261,Edward Smith,1955-10-18,"303 Sharon Dale, West Joannburgh, IN 41540",373.271.6823
holder_262,Kayla Ward,1984-01-25,"259 Johnny Hills Apt. 057, Markchester, PW 45029",649.841.4093
holder_263,Andrew Palmer,2005-06-16,"65336 Roberts Cape Suite 726, Ramirezbury, MS 13743",816.925.4636x18636
holder_264,Marie Thompson,2002-01-08,"561 Stevens Mountains, South Victoriaview, SC 33632",733.824.4157x648
holder_265,Peter May,1943-05-16,"945 Dustin Port Suite 757, Melendezview, IA 76145",(884)979-1673
holder_266,Mary Bean,1959-05-31,"620 Laura Courts Apt. 349, South Michellemouth, WI 26815",+1-713-426-2110x647
holder_267,Stephanie Hall,1961-04-30,"1833 Erika Roads, East Rebeccamouth, CO 89882",707-897-5083
holder_268,Joseph Wilson,1959-03-12,"016 Kaiser Corner, Anthonychester, MN 66695",465.761.4876x620
holder_269,Adrian Brown,1993-04-25,"928 Kenneth Manor, Paulbury, CO 52016",946.209.7387
holder_270,Bryce Johnson,1951-05-16,"32507 Jones Landing Suite 175, West Mitchellshire, DE 61570",+1-742-728-8423x25082
holder_271,Carl Baldwin,1998-01-12,"142 Williamson Ports Suite 051, North Tammieside, OK 63289",439.641.7815x724
holder_272,David Davis,1995-11-20,"USNS Day, FPO AE 06022",7923446175
holder_273,Sheryl Santos,1949-05-25,"0755 Lowery Lodge, New Matthewburgh, RI 71714",862-486-5447x52103
holder_274,Regina Miller,1992-12-21,"25341 Thomas Islands, Gregoryborough, ID 24904",8253936376
holder_275,Jennifer Silva,2000-07-17,"76374 Michele Rest Apt. 179, Nicholasshire, MH 66303",+1-788-434-8946x92273
holder_276,Sarah Burgess,1991-04-07,"7499 Robert Spurs Suite 661, Freemanview, IL 14662",(564)424-4053x2556
holder_277,Jamie Hernandez MD,1960-03-28,"540 Jacob Landing, Ryanstad, TX 06032",903.299.8245
holder_278,Michael Anderson,1973-04-12,"5799 Valdez Alley, Lake Brianna, MP 96754",(536)941-1480x9106
holder_279,Eric Miller,1994-06-17,"31952 Joseph Fields, South Kellymouth, MT 53979",(234)560-2271x6848
holder_280,Eric Collier,1991-07-11,"909 Cory Curve Apt. 858, North Gabrielport, FM 20546",001-841-244-0671x13605
holder_281,Darryl Brown,1949-07-16,"2951 Mitchell Vista Apt. 087, North Michael, KS 15740",001-275-822-3855x855
holder_282,Alexis Johnson,1967-05-20,"09562 Tammy Mountain Apt. 658, Goodwinton, RI 39644",+1-847-905-2312x35360
holder_283,Nicole Abbott,2004-10-10,"USCGC Williams, FPO AA 73085",801.733.0421x9930
holder_284,Richard Curry,1957-09-23,"59024 Velasquez Ville Apt. 924, Morrisburgh, TN 39840",+1-674-393-2359
holder_285,Elizabeth Branch,1953-10-05,"638 Daniels Radial, South Andrea, HI 26945",+1-656-322-3760
holder_286,Tonya Small,1969-01-15,"4439 Brittany Parkways, Davilamouth, MD 09386",+1-842-598-3483x804
holder_287,Daniel Fuentes,1958-05-13,"0759 Mckinney Lodge, Brittneyton, IL 08583",001-320-437-1543x60085
holder_288,Mr. Robert Daniels,1974-08-28,"025 Lauren Court, Parksburgh, MA 05032",955.925.4162
holder_289,Calvin Kelly,1941-02-19,"7217 Little Heights, New Kevin, CA 12110",+1-937-855-9803x4314
holder_290,Lisa Munoz,1984-01-02,"674 Morris Club Suite 207, Webbstad, OK 45271",+1-875-587-7571x1056
holder_291,Brian Casey,1959-10-16,"968 Shelton Manor Apt. 475, Hollandville, NH 54320",(995)980-7481
holder_292,James Jacobs,1951-08-15,"746 Hudson Junction Apt. 895, Robinsonchester, UT 08954",(820)227-2262x1748
holder_293,John Montgomery,1979-12-24,"8622 Williams Villages, South Amymouth, VI 06071",001-801-299-1249x7691
holder_294,Rebecca Burnett,1943-05-07,"6481 Kelley Station, North Mariostad, GU 16035",5018582988
holder_295,Rebecca Rogers,1981-09-13,"17746 Miller Roads Apt. 904, New Stephen, NE 31425",814-843-3627
holder_296,Angela Smith,1959-08-05,"33957 Katherine Points, West Josephshire, DE 25267",6038718849
holder_297,Richard Baker,2000-06-02,"140 Harris Lodge Apt. 377, Bethton, NM 15717",308.594.5257x2997
holder_298,James Coleman,1939-12-01,"651 Austin Spur Suite 729, Port Michael, WI 04797",+1-537-486-4897x33899
holder_299,Tony Wright,1952-03-29,"4438 Patrick Vista Suite 427, Port Johnton, MS 35695",001-646-557-8668x809
holder_300,Sarah Peterson,1939-07-08,"52758 Daniels Forges Suite 763, New Ericfort, OH 91142",851-991-0845x761
holder_301,Justin Byrd,1997-11-28,"83017 Desiree Rest Suite 403, Guzmanhaven, MP 56417",+1-767-395-7712x551
holder_302,Christopher Mccall,1968-10-29,"Unit 3624 Box 4858, DPO AA 41476",(959)909-9258
holder_303,Brian Olson,1966-09-14,"6082 Johnson Neck Suite 522, Lake Megan, NY 12809",927.574.7601x735
holder_304,James Peterson,1949-12-19,"3302 Marquez Path Apt. 272, Youngbury, AS 06832",7595536590
holder_305,Madison Hubbard,1994-03-18,"661 Garcia Station Apt. 343, Michellefort, KY 87216",761-952-7964
holder_306,Rachel Holden,1957-01-22,"6723 Scott Ways, Jaimechester, CO 59812",001-845-627-3016
holder_307,Debbie Smith,1949-10-13,"95751 Cannon Walks, Owenshaven, RI 41333",001-427-396-6340x94080
holder_308,Gabriel Hawkins,2000-01-14,"2885 Darlene Shore, Amberfort, ID 32768",(893)990-3103x4996
holder_309,Sean Mason,1964-07-18,"294 Pena Hill Suite 899, Elliottshire, TX 42701",001-729-817-2194x76280
holder_310,Cathy Aguilar,1979-01-28,"PSC 3674, Box 8756, APO AE 13032",001-812-771-4096x33139
holder_311,Todd Macias,1958-04-09,"133 Butler Stream Suite 419, Curtisland, AR 33276",732-455-6537x04831
holder_312,Gary Adams,1945-09-01,"425 Geoffrey Station Suite 433, Port Rebecca, MP 09261",8253678529
holder_313,Thomas Rodriguez,1978-11-15,"417 Clarke Plain, West Brooke, AK 69318",+1-681-578-0368x1871
holder_314,Alicia Smith,2001-05-07,"5320 Chen Keys, Garytown, AS 58814",(256)909-0685x813
holder_315,Kristen Rodriguez,1982-11-02,"219 Cody Drive, East Alexandra, MO 04224",345-833-2510
holder_316,Sarah Owens,1970-02-16,"PSC 1897, Box 4298, APO AE 05816",001-344-413-7527x73552
holder_317,Barbara Thomas,1970-12-17,"6661 Victoria Island, South Jonathan, VT 71660",(975)292-7093
holder_318,Lisa Lopez,1999-05-25,"347 Leslie Spur, South Jason, DE 73383",521.275.1792
holder_319,Christine Dickson,1963-10-22,"69071 Levi Ports Suite 601, Fordfort, NY 32958",556.210.1433
holder_320,Danielle Rodriguez,1975-04-17,"711 Cole Isle Apt. 674, Taylormouth, NH 09919",983.255.5715
holder_321,John Maynard,1954-10-28,"84611 Sherry Mountain Apt. 163, Higginsville, NE 10400",9377120303
holder_322,David Clark,1982-04-05,"9097 Francisco Valleys Apt. 916, Jessicachester, KS 29929",001-387-738-6345
holder_323,Daniel Liu,1945-06-03,"8041 Pamela Common Apt. 846, Larahaven, MD 68206",+1-637-758-0901x612
holder_324,Nicole Martin,1997-01-03,"1641 Danielle Landing, Port Angela, PR 15925",458.945.8888
holder_325,David Kramer,1976-04-12,"81797 Barr Oval, Port Katelynhaven, LA 79767",720.213.2353x95281
holder_326,Gordon Melton,1987-10-23,"0919 Chen Unions, Lake Sarah, KS 62024",+1-307-237-0694x4706
holder_327,Benjamin Atkinson,1975-12-16,"847 Jessica Viaduct Suite 635, East Sydneyfort, TX 71746",(962)829-0402x81393
holder_328,Thomas Colon,1985-04-13,"5677 Guzman Shoals, Lake Christopherburgh, NE 85818",876.642.3874
holder_329,Amy Taylor,1972-09-20,"7926 Cruz Mill Apt. 062, Houseland, CT 14312",403-501-1248
holder_330,Kathy Velazquez,1956-11-01,"5449 Brewer Dale Apt. 835, New Tanyaton, MA 50097",+1-754-362-3655x034
holder_331,Amanda Patton,1944-03-25,"5948 Salazar Port, North Brittanymouth, WY 44154",682.667.7578x63649
holder_332,Michele Torres,1996-06-12,"6103 Lindsay Wall, North Gabriel, MP 58605",347.538.2109x7392
holder_333,Kevin Brown,1943-10-21,"4300 Tim Glens Apt. 239, South Stevenberg, DC 58611",(798)406-8513x531
holder_334,Mark Smith,1961-09-13,"8591 Young Run Suite 073, Lake Teresa, CT 05595",(356)591-6299x94072
holder_335,Tracie Beasley,1973-01-02,"PSC 6418, Box 7451, APO AE 84509",524.889.4100
holder_336,Michael Evans,1953-06-16,"13796 Reynolds Prairie, North Nicholas, TX 49038",818.512.8662
holder_337,Jeff Morgan,1983-09-08,"3621 Robert Stream, Andersonhaven, DE 75601",960.502.1505x38873
holder_338,Candice Brown,2003-01-05,"249 Gregory Rue, Joshuaberg, VT 72621",(696)880-3700
holder_339,Jesse Harris,1942-12-22,"682 Arellano Lock, Christopherchester, MP 57980",264.776.7314
holder_340,Laura Clark,1940-09-12,"391 Hernandez Canyon, North Edwardside, VT 97940",(515)860-1593
holder_341,Scott Kelly,1948-01-09,"309 Parks Drive Suite 830, West Neil, MH 56053",610-434-5594x9837
holder_342,Philip Powers,1996-08-22,"1970 Hawkins Pike Suite 334, South Sergio, WI 24692",+1-493-281-5123x587
holder_343,Brady Baker,1996-08-23,"899 Nelson Knoll Suite 957, New Michaelbury, MP 29061",382.887.2102
holder_344,Evelyn Butler,1952-03-11,"8395 Kelsey Parks, West Joshua, VT 15534",598-358-8629x734
holder_345,Anne Barker,2005-10-18,"7882 William Glen, Martinezton, SD 29537",634-353-4375x823
holder_346,Matthew Blake,1981-12-07,"8018 Douglas Shoals, Sabrinafurt, IN 29592",420.973.2346x7989
holder_347,Hannah Malone,1999-08-22,"625 Lauren Trace Apt. 084, Port Luke, WI 82723",(967)315-7925x4912
holder_348,Katie Hernandez,1979-01-05,"9859 Mclean Springs, Amberland, FM 16616",(373)221-7348x728
holder_349,Eric Guzman,1971-03-22,"35457 Herring Pike, Michelleburgh, WY 90574",(736)702-8000
holder_350,Rebekah Harding,1984-07-09,"00808 Leslie Dam, West Monicaport, AR 81507",(726)707-9056x75209
holder_351,Danielle Reed,1950-05-29,"8371 Williamson Forge Apt. 100, Sanchezton, IL 33972",738.737.1650
holder_352,Michael Frazier,1994-01-28,"3962 Allison Green Apt. 205, North Danielleland, LA 04878",257-559-0825x4555
holder_353,Michael Nicholson,2001-07-10,"71027 Mark Greens, Gwendolynstad, LA 17380",817-520-3230x39813
holder_354,Sarah Stewart,1968-04-09,"55238 Brittney Street Apt. 420, Anthonyland, SD 70213",379-867-3152x1836
holder_355,Peter Carter,1945-07-03,"70385 Hannah Estate, Jamesport, WY 39789",534-549-9236x0306
holder_356,Tammy Wong,1943-02-27,"282 Fox Orchard, North Ryanfurt, AL 48683",001-984-632-5895x368
holder_357,Sandra Lawson,1956-02-01,"Unit 1331 Box 2392, DPO AP 48522",(802)646-1848x4427
holder_358,Brian Colon,1953-08-02,"USCGC Mitchell, FPO AP 19716",+1-220-829-4973x14930
holder_359,Theresa Richards,1983-01-02,"0658 Michael Motorway Suite 611, New Christopher, MP 37270",+1-838-818-7221x05180
holder_360,Blake Carter,1972-08-27,"876 Andrew Walk, North Barryfort, MA 77988",001-997-939-0676x0515
holder_361,Ms. Amy Dunn DVM,1959-05-07,"55115 Serrano Harbor, Malonebury, PA 15791",001-736-995-2351x87671
holder_362,Michael Cook,1989-03-20,"6379 Henry Lakes Apt. 895, West Laurenland, VT 14746",778-217-1434x48327
holder_363,Amber Park,1974-01-11,"6504 Black Stravenue, Rhondachester, PR 94801",893.940.8439
holder_364,Lisa Johnson,1982-12-13,"4864 Gerald Island Apt. 035, Jenniferchester, NJ 57827",(206)238-2179
holder_365,Daniel Mcbride,1957-12-10,"421 Lauren Wells, North Zacharyborough, NH 30550",+1-668-236-0389
holder_366,Angela Marquez,1940-04-24,"88345 Boyer Camp, North Victoriaburgh, UT 39020",(303)608-7854
holder_367,Leah Taylor,1994-05-19,"802 Jackson Plaza, Brooketon, GA 15867",480-528-7937x979
holder_368,Sarah Bailey,1965-04-20,"794 Michael Plains Apt. 213, South Bruceview, MP 39673",+1-302-341-9673x474
holder_369,Christine Moyer,1973-05-14,"PSC 2440, Box 3326, APO AE 84855",977.462.8131x4309
holder_370,Daniel Summers,1968-05-16,"77174 Green Key Suite 185, Port Elizabeth, VT 64288",564-470-1931
holder_371,John Clark,1980-03-26,"070 Patterson Oval Suite 289, South Michaelborough, LA 50714",966-279-5124x832
holder_372,Mary Brown,2001-08-16,"7561 Kelsey Island Apt. 811, South Lisa, CO 48200",(927)952-4118x92058
holder_373,Kathy Anderson,1991-05-03,"3887 Berg Inlet, West Bradytown, NV 21883",8758158736
holder_374,Lisa Sanchez,1992-03-01,"996 Linda Trace Suite 073, East Aaron, VA 21444",(335)222-8128x70411
holder_375,David Roberts,1942-04-02,"48177 Robert Locks, West Markfurt, PW 64414",(844)522-1310x047
holder_376,Samantha Whitaker,1998-08-25,"470 Martin Row Suite 576, Port Ashley, OR 70330",001-555-581-3399
holder_377,Eric Rogers,1940-10-19,"71474 Joel Mission, North Alicia, GU 68084",309.215.4660
holder_378,Christy Nguyen,1942-09-21,"PSC 9213, Box 9073, APO AE 76383",209-327-3618
holder_379,Henry Mccarty,1960-08-04,"83644 Adams Burgs, Millerville, OK 57867",706-681-2801x270
holder_380,James Hernandez,1939-10-04,"39922 Jessica Groves, Burgesshaven, FM 81158",001-680-599-8302x395
holder_381,Kathy Mcmillan,1965-04-19,"5468 Krueger Summit Apt. 046, West Jeremy, MN 08470",347.302.8093x9891
holder_382,Jessica Smith,1987-11-08,"437 Hart Valleys Apt. 880, North Morganport, MD 88250",644-705-6317x5926
holder_383,Jacob Roberts,1987-11-20,"2403 Nicole Springs Suite 396, Port Teresaburgh, MN 09810",001-417-367-3047x695
holder_384,Lisa Cameron,1948-09-08,"PSC 9992, Box 2618, APO AE 51729",(325)754-6611x07180
holder_385,Andrew Oneal,1971-01-11,"42263 Kimberly Overpass Suite 714, Zacharyfurt, CO 60656",5037934613
holder_386,Diana Knapp,1939-03-21,"60160 Matthew Harbor, New Danielleberg, NE 00810",6818696836
holder_387,Belinda Harvey,1990-04-21,"585 Warren Key, Port Rebecca, VT 88181",(414)845-5053
holder_388,Charles Smith,1972-05-14,"8463 Brandon Drives Apt. 560, North Rachel, WA 74242",001-303-920-4877x2295
holder_389,Matthew Taylor,1969-04-20,"USNV Moore, FPO AP 80383",(594)681-5429x5255
holder_390,Erik Bailey,1941-01-22,"PSC 3741, Box 9714, APO AE 01752",786.272.1666x957
holder_391,Erin Moreno,1983-03-18,"829 Medina Burg Suite 337, North Jameshaven, ME 79145",+1-700-526-6292x18236
holder_392,Tiffany Wise,1994-03-15,"412 Peters Rest, New Jeremy, IA 69807",(856)348-5305
holder_393,Melvin Costa,1993-01-29,"89468 Matthew Square Apt. 730, Andersonville, FL 53177",(630)877-4006x697
holder_394,David Bell,2001-08-05,"419 Nathan Village Suite 604, Parkershire, NE 51491",875-349-4736
holder_395,David Shelton,1946-11-09,"294 Sanchez Fort, Smithland, NE 97757",+1-298-619-8009
holder_396,Lisa Gomez,1977-12-18,"5930 Brian Ferry, Hendersonstad, CO 52729",(939)407-4138x392
holder_397,Jonathan Rhodes,2003-03-04,"9939 Hodges Shoals Suite 064, Amychester, DE 28198",341.482.2461
holder_398,Tiffany Reyes,1970-01-17,"2228 Barbara Drive, Thomastown, GU 65323",+1-812-949-4484x74883
holder_399,David Henry,1997-01-28,"4622 Kim Islands, North Anthony, MT 20718",5633416550
holder_400,Julie Simon,1951-02-08,"13576 Morgan Tunnel Suite 272, Kathrynport, AL 07893",001-451-343-4881
holder_401,Austin Garrett MD,1950-11-02,"988 Smith Glen, New Jasmine, WY 55110",+1-501-216-4158x56223
holder_402,Shari Johnson,1946-11-30,"71578 Jonathan Center, Justinton, KS 78069",475-925-9162x800
holder_403,Lisa Stephens,1963-01-29,"2954 Nicholson Falls Suite 028, Jenniferside, MI 75575",231.489.7153x441
holder_404,Elizabeth Wilson,2002-09-14,"792 Eric Lights, Jordanmouth, AK 17169",3924697381
holder_405,Jason Newman,1950-02-14,"7964 Patterson Locks, Taylorstad, MA 92632",(664)353-8827x45003
holder_406,John Smith,2003-05-04,"19885 Sellers Points Suite 323, Ericaview, NC 96775",701.349.6586x780
holder_407,Patrick Johnson,1991-01-14,"8173 Joseph Trail, South Thomas, GU 93668",(694)470-9178x3410
holder_408,Shawn Hunt,2000-04-25,"740 Jay Loop, Peterfurt, NM 05581",+1-368-612-5858x3998
holder_409,Patricia Rogers,1971-06-27,"189 Byrd Points, Port Christopherside, GU 82667",+1-707-706-1403
holder_410,Tyler Moore DDS,1985-01-12,"62910 Beth Bridge Apt. 573, Andersonview, MO 32077",(642)829-2180x476
holder_411,Dillon Malone,1958-07-05,"Unit 9128 Box 8219, DPO AP 21712",001-608-716-6630x367
holder_412,Julie Macdonald,1954-02-04,"19153 Benton Burg Apt. 603, Melindafurt, OK 33216",+1-957-909-5397x1598
holder_413,Dana Scott,1987-01-25,"528 Smith Well, South Jenniferside, HI 74176",+1-555-801-7815x70177
holder_414,Kelly Johnson,1967-02-13,"7008 White Street Suite 605, Suarezbury, CA 35973",462.988.5570x2930
holder_415,Joshua Walker,1971-09-12,"1719 Thomas Mountain Apt. 513, Sonyafurt, SD 00609",819-812-8428
holder_416,Betty Reese,1999-08-31,"2716 Mendoza Garden Suite 530, South Timothychester, SC 63660",001-456-241-9898x730
holder_417,Jeremy Hoover,1941-08-29,"337 Ashley Track Suite 047, Parkbury, MI 89050",877.266.4564x791
holder_418,Karla Barton,1962-04-14,"92770 Graham Canyon, Woodsville, GU 83971",+1-829-914-4145x7310
holder_419,Tanya Fox,1981-06-30,"933 Zoe Expressway Suite 862, Sergiobury, AL 10837",(304)952-9498x432
holder_420,Joseph Taylor,1974-09-02,"690 Mendez Fords Suite 961, Lake Shawn, VA 35845",001-538-569-0347x463
holder_421,Elizabeth Burns,1998-12-20,"9429 Leslie Parks, East Robert, KY 92963",286.955.6327x581
holder_422,Jasmine Miller,1998-08-07,"1754 Wright Orchard, Irwinton, WV 37413",001-327-525-4492x1436
holder_423,Rebecca Matthews,1978-11-02,"652 Harvey Isle, Jenniferfurt, OH 68704",753.467.6671x95127
holder_424,Brandy James,1955-11-17,"259 Jonathan Flat Suite 473, Griffinmouth, FM 33763",+1-415-683-0836x4118
holder_425,Christopher Williams,1995-12-04,"83057 Julie Divide, Port Kellyville, AR 11771",299.831.1350x5960
holder_426,Stephanie Pitts,1963-08-05,"5450 Graham Shoals Suite 399, New David, CT 90991",001-368-965-9453
holder_427,Justin Phillips,1976-08-03,"6121 Smith Valley Apt. 281, Gomezfurt, SC 43972",+1-828-846-7755x789
holder_428,Valerie Meyers,2001-02-25,"614 Stephanie Islands, Shannonland, MI 70287",+1-566-428-8622x27854
holder_429,Todd Young,1969-07-19,"69821 Davis Ports Apt. 000, Adamsfurt, NC 40515",931-684-9352
holder_430,Meghan Green,1962-11-24,"20003 Farrell Parks, Denisefurt, VA 63321",+1-771-794-0451x84400
holder_431,John Nichols,2006-12-19,"USCGC Lloyd, FPO AA 78247",847.744.4405x88243
holder_432,Dan Mcmahon,1953-02-22,"50331 Rhonda Course, South Williamtown, MH 45909",+1-757-603-2505x517
holder_433,James Duffy,1986-12-09,"905 Rangel Island Apt. 245, Brookshaven, NC 86175",+1-513-525-0144x3715
holder_434,Elizabeth Lang,1952-01-05,"USNV Smith, FPO AE 75515",(557)591-7526x03563
holder_435,Luis Hayes,1942-12-11,"45536 Carter Summit, Mcdonaldchester, IL 91352",+1-869-476-4881
holder_436,Robin Baker,1939-10-27,"8826 Judy Hills, South Jessica, PA 14050",(588)963-7729
holder_437,Brian Diaz,1990-10-10,"06967 Benjamin Ports Apt. 507, West Larrystad, NM 95210",001-887-454-3302
holder_438,Joe Durham,1995-03-17,"95359 Lee Tunnel, Port Gabrielle, SD 86152",+1-721-998-4391x53510
holder_439,Laurie Lopez,1942-11-19,"5819 Jeffery Hills Apt. 953, Dianamouth, RI 36885",+1-325-984-2377x16528
holder_440,Jennifer Wallace,1995-10-12,"Unit 8071 Box 4223, DPO AA 98355",(802)301-3717x1990
holder_441,Megan Diaz,1952-08-10,"783 Marshall Inlet, New Anthony, VT 45028",(883)213-4987x53374
holder_442,Margaret Walsh,1950-12-05,"0956 Shari Key, Walkerborough, KS 66648",482-499-2383
holder_443,Amy Wells,1958-05-19,"1430 Poole Lights, Lake Jonathanville, PA 81638",2616917393
holder_444,Dr. Crystal Pope,1984-05-11,"64751 Jon Squares, Millershire, NE 13823",001-989-666-6668x1041
holder_445,Ashley Cruz,1959-03-29,"7404 Kathy Locks Apt. 734, Jeanneborough, WY 27401",001-249-591-7951x668
holder_446,Dwayne Perez,1974-03-20,"75269 Schwartz Lane Apt. 993, East Matthew, NC 33592",(650)327-6585x0782
holder_447,Desiree Perry,1964-03-16,"6584 Bailey Turnpike Apt. 784, Port Cassie, AR 08292",001-412-982-9267x34271
holder_448,Jocelyn Garcia,1976-03-10,"1145 Allen Club, Susanborough, MP 27595",277-563-0301
holder_449,Steven Roberts,2005-07-16,"55486 Washington Union Apt. 185, East Troystad, CT 94276",(618)985-8952
holder_450,Kevin Roberts,1983-01-27,"75864 Amy Plains Suite 099, South Jeffreychester, CT 49459",9478971382
holder_451,Joy Daniel,1983-11-18,"289 Julie Via Suite 906, Porterhaven, MO 35689",491-840-5099x2359
holder_452,Elizabeth Mack,2005-05-24,"384 Hansen Inlet, Spearsland, WY 44818",+1-760-940-5860x3952
holder_453,Anthony Davis,1946-06-11,"499 Cory Forks, Angelachester, KY 28006",6028034185
holder_454,Brady Nelson,2004-01-26,"18331 Montoya Passage Suite 540, Port Nathanbury, MN 21550",001-513-516-6880x21950
holder_455,Maria Sweeney,2000-05-03,"157 Elizabeth Groves Apt. 721, Smithside, ND 98303",001-551-823-4380x0782
holder_456,John Phillips,1999-10-10,"26616 Brewer Overpass Apt. 348, Heathermouth, CA 36897",001-868-829-8442
holder_457,Andrew Harrison,1950-08-20,"34897 Larry Extension, North Michelle, FL 55359",001-989-673-3539x8012
holder_458,Preston Hodge,1956-10-03,"478 Alexander Union, Melissaburgh, ID 18506",+1-439-496-3992x721
holder_459,Philip Smith,1944-11-27,"88566 Michael Club, Lake Robertburgh, DC 30050",001-448-267-7697x944
holder_460,Jacob Mccoy,1943-06-25,"135 Kevin Harbor, South Erichaven, OR 60517",+1-793-908-8568x56912
holder_461,Micheal Mack,1999-03-26,"60138 Nicole Brooks, Lake Thomas, WY 48114",(301)652-8013x462
holder_462,Samantha Krueger,1956-07-06,"1737 Cathy Road Apt. 293, Lake Kristinaville, TX 40490",202.916.2329x11712
holder_463,Mark Morris,1995-06-30,"1550 Stacey Glens, Lake Anthonyfort, CA 88398",981.611.0571
holder_464,Taylor Wood,1953-01-09,"Unit 2821 Box 8607, DPO AE 41624",6734254339
holder_465,Edward Hayes,1976-09-20,"77088 Jeffrey Isle, Lake Mariabury, GU 34484",(687)955-2154x06798
holder_466,Samuel Sanders,1979-01-24,"612 Joseph Manor Suite 829, Garyton, ME 01160",211-857-3288x031
holder_467,William Byrd,1981-11-10,"65113 Gonzalez Ports Suite 428, South Larry, GU 82618",657-442-8821x7814
holder_468,Brian Mullins,1946-01-22,"943 Cooper Stream, Samanthaport, GA 18709",(821)477-0851x28592
holder_469,Gerald Jarvis,1983-01-24,"75995 Day Mountain Apt. 012, Arthurbury, VA 61526",001-610-334-0899
holder_470,Paul Williams,2006-01-21,"32076 Lawson Loaf, East Jessica, MS 50690",+1-522-475-7033x0021
holder_471,Heidi Martin,2003-11-29,"8428 Bell Spurs Apt. 149, New Jennifer, WA 81970",+1-406-829-9933x58477
holder_472,Tonya Mcdaniel,1943-12-28,"305 Brady Street Apt. 158, Ginahaven, ME 66310",9165058429
holder_473,Kelsey Cooley,1967-03-14,"2822 Lewis Pass Apt. 323, Jacksonville, OH 45040",370.337.7959
holder_474,Lisa Martinez,1941-04-29,"417 Harris Gateway, Lake Denise, OH 52672",001-305-861-1272x7382
holder_475,Charles Maldonado,1939-07-12,"826 Lloyd Union Suite 706, Amandastad, KY 28219",(584)667-2190
holder_476,Madison Warren,2006-02-25,"32947 Smith Views, Port Rebecca, OK 85307",+1-632-954-4150x29727
holder_477,Erin Cooke,1988-01-21,"0029 Cheryl Square Apt. 886, Cathyberg, CA 20154",421.336.3303
holder_478,Matthew Stewart,1964-09-08,"4438 Tyler Locks, Lake James, RI 55452",304.210.3587x98415
holder_479,Timothy Pineda,1962-05-09,"65875 Sherman Throughway Apt. 406, West Bobbyhaven, SD 48359",+1-795-864-9089x1805
holder_480,Jasmin Barton,1961-02-07,"1179 Daniel Plaza, North Jason, SC 69249",(397)811-5752x29091
holder_481,Patricia Rice,1972-07-04,"25225 Vang Loop Suite 425, Carpenterside, PW 48938",(270)584-7717x8527
holder_482,Roberto Burns,1997-02-24,"80575 Stone Ranch Apt. 147, Port Jeffreymouth, WV 75816",(791)729-3085
holder_483,Natalie Gonzalez,1942-03-19,"057 Foster Valleys Apt. 889, New Warrenfort, WV 84786",735.940.4670
holder_484,Robert Perez,1961-06-22,"40188 Brandy Course Suite 200, Obrienton, VA 32169",307.464.8931x52084
holder_485,Richard Wilson,1942-08-17,"0437 Jessica Orchard, Weaverfort, NY 73334",243-957-3737x14531
holder_486,Donna Moss,2002-09-14,"16493 Christopher Point Suite 134, Port Courtneyburgh, PR 17775",(975)269-8065
holder_487,Robert Sullivan,1971-10-13,"19127 Darlene Parks Apt. 732, West Todd, WY 80341",+1-424-943-3384x13287
holder_488,Brandi Hayes,1978-04-12,"1073 Laura Lights, Julieland, MO 48950",+1-480-282-0268x777
holder_489,Sheri Scott,2004-02-22,"03490 Franklin Cove, East Chris, IN 97466",284-967-9400x36551
holder_490,Charles Gomez,1941-06-06,"19496 Banks Pine, New Ryanport, NH 55587",990-757-2564x63153
holder_491,Matthew Chavez,1959-10-07,"8785 Tamara Bypass, Evanstown, IN 67295",+1-947-386-6107x354
holder_492,Tyrone Lopez,1983-01-15,"784 Caroline Pike, Port Travis, MT 94184",(505)702-5261
holder_493,Reginald Melton,1965-12-05,"85027 Wilson Points Suite 688, North Michael, OK 48021",603.450.4171
holder_494,Lee Norman,1965-07-03,"PSC 7976, Box 3386, APO AP 68365",(687)685-3301
holder_495,Daniel Wood,1957-08-07,"35733 Maddox Vista Suite 024, East Jamieside, IN 35510",+1-220-801-6162x099
holder_496,Deborah Garrett,1989-08-26,"567 Stephanie Crescent, New Jenniferchester, TX 17146",+1-563-686-5825x337
holder_497,Isabel Horn,1986-12-29,"53763 Sarah Shoal, East Kathrynville, CO 49812",591.463.4499
holder_498,Jennifer Miller,1963-11-13,"1830 Erin Course Apt. 107, Lake Selenamouth, PW 65757",582-312-3918x1025
holder_499,Jamie Mcknight,1950-12-23,"0103 Steven Tunnel, Rachelfurt, KY 12344",(616)867-6667x81785
holder_500,Daniel Velez,1994-12-21,"266 Higgins Wells, Lake Nicholas, MI 97792",001-278-319-6962x81341
holder_501,Andre Landry,1975-09-01,"270 Olson Mountain, Whitakerview, MD 35593",292.755.1251x85733
holder_502,Mr. William Cruz,1954-08-28,"418 Diaz Groves, West Stacy, FM 79273",(448)639-0496x03168
holder_503,Kimberly Alexander,1999-08-16,"725 Garcia Square Apt. 269, Hooverfort, WY 82005",922.658.0288
holder_504,Dawn Tyler,1979-03-14,"8727 Melissa Road, Brittanychester, MN 20426",244.824.7656x035
holder_505,Brian Brown,1954-11-02,"USNS Hayes, FPO AE 08531",001-920-566-7101x250
holder_506,Kathleen Guerrero,1958-06-15,"Unit 5155 Box 0929, DPO AP 36300",302-226-4277x710
holder_507,Susan Cole,1967-08-10,"0740 Lee Springs Suite 928, Mitchellstad, WI 44735",+1-547-902-4597x441
holder_508,Gloria Perez,1954-04-17,"6779 Haney Ports Suite 471, North Kelly, MO 22973",(553)596-2122x1480
holder_509,Michael Bush,1950-05-12,"PSC 0163, Box 4918, APO AA 56104",7559419029
holder_510,Tracy Sullivan,1993-08-01,"PSC 5285, Box 9556, APO AA 07730",977.569.9902x910
holder_511,Benjamin Howard,1996-01-29,"9908 Johnston Lodge Apt. 478, Melissahaven, NV 70270",(970)388-4600x94754
holder_512,Stephen Anderson,1942-11-17,"2477 Tracey Port, Carrieburgh, MP 52062",+1-632-406-4927x290
holder_513,Eugene Perry,1999-05-08,"999 Patton Ways, West Travistown, MI 01523",7629411279
holder_514,Crystal King,1996-12-15,"8246 Anthony Ramp Suite 180, Ianstad, MO 65850",(473)946-5500
holder_515,Donald Wong,1994-10-16,"52809 Paul Glens Apt. 494, Wadeshire, NY 86876",+1-915-689-3614x33778
holder_516,Guy Krause,1976-08-21,"5918 Michael Path, Port Kimberlytown, AK 70290",760.432.4304x69776
holder_517,Jonathan Larson DDS,2004-08-08,"8618 White View Suite 441, Sarahville, OK 83696",001-342-677-9377
holder_518,Jeffrey Hicks,1969-01-06,"285 Jason Burg, Ericborough, MN 95116",283.540.1919x151
holder_519,Sheri Herrera,1951-10-24,"112 Parker Drive Apt. 378, Lake Erika, MI 48500",+1-787-537-0890
holder_520,James Flores,1972-02-04,"19900 Andrea Rest, Haynesville, WY 08258",8384466224
holder_521,Susan Davidson,1962-02-27,"52173 Christopher Springs, Jenniferville, ND 13232",(582)846-6459x07384
holder_522,Johnathan Lewis,1994-12-08,"734 Mack Isle Apt. 314, Randallmouth, OR 92852",001-382-804-6217x58105
holder_523,Vicki Phillips,2006-12-06,"761 Greer Estates Suite 935, Lake Jennifertown, MP 65918",229-935-7318x34490
holder_524,Dakota Wilson,1939-10-30,"PSC 6427, Box 0926, APO AP 60296",001-730-335-0563
holder_525,Elijah Bennett,1991-07-23,"756 Mueller Trail, New Andrew, UT 54067",001-278-641-8658x1223
holder_526,Briana Craig,1983-12-20,"160 Smith Oval, Reeseburgh, FL 10437",599-571-5764x030
holder_527,Joseph Garcia,1955-11-27,"154 Moore Hollow, Haleybury, VT 54720",001-483-709-2674x359
holder_528,Sarah Hansen,1985-05-13,"21646 Roberts Mission Suite 950, West Brandonland, CO 69031",(949)467-1162x20846
holder_529,Alexis Bryant,1953-02-09,"USNV Malone, FPO AP 52136",208-980-0667
holder_530,Edward Ellis,1986-11-19,"PSC 4213, Box 9024, APO AA 16895",+1-575-352-9857x1853
holder_531,Timothy Taylor,1980-02-16,"236 Delgado Isle, Port Bridget, VI 87674",(968)545-9187
holder_532,Joseph Villegas,1966-11-28,"6947 Williams Village, New Amanda, MP 66165",243-405-5114
holder_533,Lauren Guerrero,1943-08-18,"8050 James Plains, New David, LA 21598",+1-568-923-7301x5211
holder_534,Nicole Ashley,1989-09-22,"7616 Andrea Neck Suite 760, South Pamela, IL 60190",(983)366-3248
holder_535,Stephanie Davidson,1978-12-29,"9145 Garcia Well, Listad, RI 97145",363-965-7323x3640
holder_536,Charles Roberts,1973-04-22,"PSC 2749, Box 8797, APO AA 79009",(435)590-5901x93154
holder_537,Carol Lutz,1959-10-04,"775 Arnold Square Apt. 691, Rachelstad, PA 34653",+1-445-456-1958x09140
holder_538,Erin Bender,1956-01-08,"73006 Clayton Manors Apt. 384, North James, FM 74284",2604336900
holder_539,Gabriella Moore,1979-12-20,"75175 Barnes Mount, Garciafort, TN 31149",(317)309-0154
holder_540,Devon Mooney,1955-08-13,"135 Margaret Island, North Brittanyshire, OR 15507",+1-524-308-2968
holder_541,Michelle Wise,1939-05-20,"62929 Hudson Trail, Cochranport, ND 26455",801-208-4553x30591
holder_542,Charles Garner,1956-01-14,"19583 Stephen Springs Suite 285, North Seanborough, LA 98071",535.335.2328x011
holder_543,Candace Molina,1969-08-16,"119 James Prairie, Port Rachelbury, WI 50684",547-685-9554
holder_544,Candice Thomas,1993-03-23,"913 Melissa Field, Oconnellmouth, RI 07073",8118134439
holder_545,Julie Nguyen,2000-07-28,"85765 Reynolds Summit, South Marychester, MP 32327",(750)291-0445x55365
holder_546,Joseph Jones,1979-09-03,"98115 Hamilton Lane, Lake Kristenberg, AL 97986",+1-566-520-1297x05329
holder_547,Rebecca Cruz,1996-05-17,"USCGC Santiago, FPO AE 35983",649.749.4942
holder_548,Danielle Conner,1987-08-14,"72114 Castro Underpass, New Tammymouth, DC 50618",615-782-2642
holder_549,Sharon Hughes,1955-07-25,"9484 Francis Village Suite 335, Nealmouth, WA 08268",(536)871-7562
holder_550,Susan Brown,2003-07-31,"7953 Lane Mountain, Christophershire, MA 84065",613.745.5509x515
holder_551,Stephen Ross,1989-09-19,"3143 Bell Park Suite 365, Port Jeremyfort, VI 62061",751-792-1116
holder_552,Anthony Oliver,1968-09-17,"8846 Jacqueline Square Suite 642, Williamshire, MI 81281",+1-244-934-4158x98518
holder_553,Dr. Taylor Velasquez,1971-05-22,"30656 Green Spring, Smithport, MS 61994",(343)587-1634x243
holder_554,Kyle Lewis,1984-06-08,"213 Torres Fort, Zacharyview, OK 11783",390-573-8326x45912
holder_555,Leslie Hughes,2005-02-04,"972 Victoria Island Suite 023, Thomasmouth, NH 52869",900-522-2525x76724
holder_556,William Shaw,1966-06-25,"PSC 6113, Box 6243, APO AP 28696",001-671-607-0193x26018
holder_557,Michael Hall,1996-11-23,"231 Mitchell Dale, Wheelerberg, PW 60902",622-735-1647x0228
holder_558,Matthew Mills,2007-01-07,"01015 Mckee Park, Charlesstad, ID 70504",931-417-4780
holder_559,Joseph Stewart,2002-02-09,"17293 Joseph Cliff Apt. 367, East Teresa, NE 68548",001-369-690-5370x142
holder_560,Stephen Duncan,1994-12-28,"USCGC Miranda, FPO AA 52109",6606825433
holder_561,Nicole Peterson,1998-06-03,"83761 Chen Road Suite 393, New Audreymouth, NC 96456",(251)453-9032x6149
holder_562,Emily Garcia,1953-11-22,"38888 Pena Groves, Port Tylerborough, NE 56105",+1-572-875-7274x502
holder_563,Eric Campbell,1963-09-14,"45800 Mary Inlet Apt. 675, South Danaview, NH 21307",399.383.7135x1760
holder_564,Erin Foley,1941-08-04,"4352 Davenport Courts, Port Teresastad, CO 20215",936.606.9582x2882
holder_565,John Mcintosh,1957-06-27,"700 Stephanie Corners, Evelynport, MD 62769",+1-967-329-0657x1096
holder_566,Ryan Scott MD,1966-02-25,"87143 Gillespie Parkway Apt. 428, East Samuelburgh, CO 40559",+1-417-595-7124
holder_567,Scott Robinson,1985-03-11,"815 Hobbs Isle, Thomasview, NJ 02502",001-698-274-6377x72585
holder_568,Maurice Johnson,1957-04-01,"306 Payne Circle, New Luke, NE 49595",001-795-777-4148
holder_569,Kathryn Davis,1947-10-10,"0321 Stephanie Fords Apt. 300, Aaronside, GA 41545",+1-491-477-0501x9929
holder_570,Mark Hayes,1982-09-24,"68356 Brown Valleys Apt. 474, Ryanbury, NE 83512",7177242099
holder_571,Amy King,1991-04-28,"638 Brandy Way Apt. 049, Cynthiamouth, RI 43305",001-482-662-3005x525
holder_572,Lisa Scott,1941-11-10,"60001 Allen Ferry Apt. 103, Rachelside, DE 67078",488-531-5885
holder_573,Tara Palmer,1976-11-13,"8129 Ellis Divide, South Williamport, IN 38880",464.383.9695
holder_574,Chad Ibarra,1991-01-27,"327 Thomas Turnpike Apt. 026, Catherineburgh, SC 32006",001-575-551-1684x00285
holder_575,Stacy Dominguez,1970-11-03,"9030 David Corner Apt. 084, Tammyshire, MP 45194",431.615.6936x8267
holder_576,Michael Jones PhD,1968-09-09,"PSC 8238, Box 8133, APO AA 06763",+1-670-202-2054
holder_577,Christopher Carroll,1994-05-19,"26787 Derek Glens, Bennettchester, FL 40902",(258)392-4780
holder_578,Samuel Wheeler,1959-04-28,"83408 Lee Motorway Apt. 111, New Shawna, MP 87608",986-659-6104
holder_579,Charlotte Harris,1954-05-03,"85239 Torres Greens, Peterfurt, SC 86980",+1-223-848-4498x051
holder_580,Mr. Xavier Hoffman,1939-10-14,"560 Alexander Grove Apt. 959, Garzaport, TN 92366",(619)437-8504x41796
holder_581,Thomas Howell,2000-07-27,"009 Misty Village Apt. 971, South Kellytown, FM 62138",681-746-5297x9492
holder_582,James Brooks,1955-05-31,"Unit 5571 Box 3667, DPO AE 24160",+1-446-612-4143x4438
holder_583,Clayton Sanchez,1939-08-27,"94148 Rhonda Squares, Lake Brianton, AR 36095",(235)686-3462x313
holder_584,Deborah Bailey,1964-06-21,"422 Natasha Ways, Beckbury, RI 93520",001-285-939-6378x3706
holder_585,Thomas Blake,2003-04-24,"8152 Hoffman Flat, Harrismouth, RI 50869",847-871-4953x83059
holder_586,Kristin Nguyen,1985-01-23,"864 Rose Springs, Port Erinmouth, DC 45384",658-287-6057
holder_587,Alexis Barrett,1995-12-29,"5430 Christopher Station, Deannaberg, PW 99702",+1-942-278-6171x9893
holder_588,Amanda Miller,1980-06-30,"10025 Montgomery Parks, Taylorburgh, NH 90036",902.562.6028x468
holder_589,Thomas Little,2004-04-22,"7308 Stephen Corner Apt. 698, West Deborah, VI 95207",589-396-5684
holder_590,Roger Bradley,1979-12-22,"514 Ronald Ferry Suite 193, North Ellen, VA 26194",(437)221-8029
holder_591,Linda Johnson,2000-04-07,"778 Moore Drives Suite 723, Katherinebury, VT 53346",869-385-4294
holder_592,Danny Johnson,2006-01-19,"24653 Rasmussen Vista, Brownton, SD 59140",836.722.2178
holder_593,Jennifer Oliver,2005-09-28,"1826 Hamilton Drive Apt. 231, Donnashire, VT 50994",(906)599-6284
holder_594,Linda Wong,1963-11-03,"690 Linda Spring, Jenniferstad, VA 47019",495-900-2155x953
holder_595,Jennifer Thompson,1977-09-17,"14647 Blake Isle Apt. 685, North William, WA 85327",363-654-5195x26820
holder_596,James Orozco,1985-01-08,"51896 Cook Street Suite 185, Castanedaland, MO 39392",+1-904-230-3430x4762
holder_597,Veronica Thompson,1977-11-18,"26628 Anthony Square Apt. 399, Curtisfurt, IL 15972",4848832185
holder_598,Crystal Williams,2005-10-06,"90132 Jerome Unions Suite 929, Reyesside, NH 46342",(755)669-4596x2518
holder_599,Matthew Zimmerman,1964-09-27,"0239 Gilbert Rest, Amandachester, NJ 48788",+1-324-535-6416x6956
