scenarioID,zoneID,equipmentID,scenarioName,hypothesis,predictedOutcome
SC001,Z104,E4948,Temperature Control Failure Simulation 1,What happens when temperature control failure occurs in zone Z104,Bed little leader reason need her company western age growth way control.
SC002,Z497,,Elevator Malfunction Simulation 2,What happens when elevator malfunction occurs in zone Z497,Boy simply soon get head woman trip scientist cup.
SC003,Z160,,Temperature Control Failure Simulation 3,What happens when temperature control failure occurs in zone Z160,Much into determine resource cover describe stand discover.
SC004,Z131,E4633,Security Breach Simulation 4,What happens when security breach occurs in zone Z131,Top speech form shake fill mention wrong.
SC005,Z570,E2163,Power Outage Simulation 5,What happens when power outage occurs in zone Z570,College question laugh cultural right education simple great term.
SC006,Z717,E2058,Temperature Control Failure Simulation 6,What happens when temperature control failure occurs in zone Z717,Must dream around Mrs their order bit student ground south look.
SC007,Z487,E4825,Security Breach Simulation 7,What happens when security breach occurs in zone Z487,Lay right plant their understand personal quickly.
SC008,Z207,E5221,Water Leak Simulation 8,What happens when water leak occurs in zone Z207,Take ability half trade suddenly note run.
SC009,Z623,E4955,Equipment Overload Simulation 9,What happens when equipment overload occurs in zone Z623,She hotel total dinner coach very loss hour social author science size.
SC010,Z823,E5197,Equipment Overload Simulation 10,What happens when equipment overload occurs in zone Z823,Garden cause task account improve attack beyond note.
SC011,Z451,E3984,Water Leak Simulation 11,What happens when water leak occurs in zone Z451,Surface fight police several factor call I too peace concern information job mention.
SC012,Z559,E1595,Fire Emergency Simulation 12,What happens when fire emergency occurs in zone Z559,Significant forward house course several score send drug move hope scientist.
SC013,Z963,E2337,HVAC System Failure Simulation 13,What happens when hvac system failure occurs in zone Z963,Heart peace move decide early tax strong painting plan.
SC014,Z691,E0767,Equipment Overload Simulation 14,What happens when equipment overload occurs in zone Z691,Billion defense into strong huge loss rather everything would machine teacher threat field.
SC015,Z071,E3250,Equipment Overload Simulation 15,What happens when equipment overload occurs in zone Z071,Great also sure address issue just responsibility.
SC016,Z512,,Security Breach Simulation 16,What happens when security breach occurs in zone Z512,Responsibility sometimes Mrs picture computer threat million so land situation offer.
SC017,Z917,E4212,Occupancy Surge Simulation 17,What happens when occupancy surge occurs in zone Z917,Tough space medical prepare behind drive center audience.
SC018,Z865,E4092,Security Breach Simulation 18,What happens when security breach occurs in zone Z865,Challenge since special late exist represent guy trip born chance get project.
SC019,Z785,E5280,Temperature Control Failure Simulation 19,What happens when temperature control failure occurs in zone Z785,List event test town must staff mention various six medical.
SC020,Z089,E3132,HVAC System Failure Simulation 20,What happens when hvac system failure occurs in zone Z089,Administration that small hospital project throw see detail red similar he collection generation.
SC021,Z865,,Temperature Control Failure Simulation 21,What happens when temperature control failure occurs in zone Z865,Argue onto catch forget share degree Democrat important want.
SC022,Z200,E0980,Air Quality Crisis Simulation 22,What happens when air quality crisis occurs in zone Z200,Thousand large police tough identify stage air suddenly.
SC023,Z716,E5045,Temperature Control Failure Simulation 23,What happens when temperature control failure occurs in zone Z716,Include message provide get song picture forget.
SC024,Z719,E2998,Power Outage Simulation 24,What happens when power outage occurs in zone Z719,Benefit moment agent save risk value might south why eat contain may be.
SC025,Z369,,HVAC System Failure Simulation 25,What happens when hvac system failure occurs in zone Z369,And statement other free include very.
