id,name
char_0,Mary
char_1,Aaron
char_2,Elijah
char_3,Robin
char_4,Anthony
char_5,Lee
char_6,Kayla
char_7,Gabriel
char_8,Sean
char_9,Scott
char_10,Beverly
char_11,Tyler
char_12,Erica
char_13,Carl
char_14,Colleen
char_15,Robert
char_16,Alejandro
char_17,Sean
char_18,Christopher
char_19,Nicholas
char_20,David
char_21,April
char_22,Vanessa
char_23,Adam
char_24,Andrew
char_25,Lisa
char_26,Meghan
char_27,Gary
char_28,Christopher
char_29,Susan
char_30,Lisa
char_31,Joan
char_32,Anthony
char_33,Sean
char_34,John
char_35,Vanessa
char_36,Sara
char_37,Shaun
char_38,Rhonda
char_39,Adam
char_40,Matthew
char_41,Jon
char_42,William
char_43,Jennifer
char_44,Megan
char_45,Andrew
char_46,Julie
char_47,Rhonda
char_48,Natalie
char_49,Deborah
char_50,James
char_51,Donald
char_52,Yvonne
char_53,Kimberly
char_54,Calvin
char_55,Barbara
char_56,Michael
char_57,Terri
char_58,Leah
char_59,Kaylee
char_60,Melissa
char_61,Jessica
char_62,Teresa
char_63,Tiffany
char_64,Russell
char_65,Jeremiah
char_66,Nichole
char_67,Kristine
char_68,William
char_69,Carla
char_70,Daniel
char_71,Kenneth
char_72,Steven
char_73,David
char_74,William
char_75,Jennifer
char_76,Jessica
char_77,Lee
char_78,Keith
char_79,Ashley
char_80,Stephanie
char_81,Nicholas
char_82,Christopher
char_83,Zachary
char_84,Jennifer
char_85,David
char_86,Patrick
char_87,Cynthia
char_88,Stephanie
char_89,Jacob
char_90,Rachel
char_91,Sharon
char_92,Erica
char_93,Donna
char_94,Lori
char_95,Joshua
char_96,Theresa
char_97,Lynn
char_98,Brian
char_99,Kyle
char_100,Cassidy
char_101,Erik
char_102,Jeffery
char_103,Karina
char_104,Ryan
char_105,Ronald
char_106,Joanna
char_107,Matthew
char_108,Lauren
char_109,Michael
char_110,David
char_111,Joanne
char_112,Karen
char_113,Carol
char_114,Elizabeth
char_115,Ashley
char_116,Micheal
char_117,Kyle
char_118,Michael
char_119,Tiffany
char_120,Rebecca
char_121,Scott
char_122,Timothy
char_123,Rickey
char_124,Paul
char_125,Deborah
char_126,Jessica
char_127,Jack
char_128,Michelle
char_129,Cynthia
char_130,Julie
char_131,Meghan
char_132,Samantha
char_133,Erika
char_134,Bailey
char_135,Shawn
char_136,Ann
char_137,Linda
char_138,Kelly
char_139,Douglas
char_140,Carrie
char_141,Noah
char_142,Cynthia
char_143,Stacey
char_144,Danielle
char_145,Jennifer
char_146,Nancy
char_147,Ashley
char_148,Jeffrey
char_149,Peter
char_150,Thomas
char_151,James
char_152,Rebecca
char_153,Emily
char_154,Sara
char_155,Maurice
char_156,Katherine
char_157,Alicia
char_158,Adrian
char_159,Martha
char_160,Robin
char_161,Catherine
char_162,Lauren
char_163,Monica
char_164,John
char_165,Matthew
char_166,Dustin
char_167,Erin
char_168,Terri
char_169,Brenda
char_170,Scott
char_171,Elizabeth
char_172,Ian
char_173,Jamie
char_174,Anthony
char_175,Linda
char_176,Christine
char_177,Jason
char_178,Cathy
char_179,Julian
char_180,Fred
char_181,Kelly
char_182,Kimberly
char_183,Heidi
char_184,Edward
char_185,Jerry
char_186,Angel
char_187,Shawn
char_188,Jason
char_189,Mary
char_190,James
char_191,Matthew
char_192,Lisa
char_193,Shelley
char_194,Ronald
char_195,Austin
char_196,Michael
char_197,Barry
char_198,Julie
char_199,Dalton
char_200,Jonathan
char_201,Samantha
char_202,Katherine
char_203,David
char_204,Mario
char_205,Carlos
char_206,Justin
char_207,Jessica
char_208,Eileen
char_209,Aaron
char_210,Roger
char_211,Phillip
char_212,William
char_213,Kathryn
char_214,Carol
char_215,Anna
char_216,Laura
char_217,Victoria
char_218,Jessica
char_219,Amanda
char_220,Brian
char_221,Matthew
char_222,Linda
char_223,Lisa
char_224,Holly
char_225,Robin
char_226,Shirley
char_227,Susan
char_228,Linda
char_229,Cheryl
char_230,Kevin
char_231,Donald
char_232,Christina
char_233,Daniel
char_234,Kyle
char_235,Eduardo
char_236,Karen
char_237,Lindsay
char_238,Nathan
char_239,Anita
char_240,Nicole
char_241,Michael
char_242,Mary
char_243,Joshua
char_244,Chad
char_245,Mark
char_246,Matthew
char_247,Kathryn
char_248,Andrew
char_249,Ashley
char_250,Rachel
char_251,Pamela
char_252,Daniel
char_253,Andre
char_254,Ian
char_255,Robert
char_256,Jennifer
char_257,Alan
char_258,Megan
char_259,Victoria
char_260,Thomas
char_261,Paul
char_262,Ashley
char_263,Nicholas
char_264,Christina
char_265,Patricia
char_266,Sarah
char_267,Justin
char_268,Suzanne
char_269,Shannon
char_270,Margaret
char_271,Jacob
char_272,Robert
char_273,Stacy
char_274,Amy
char_275,Tammy
char_276,Rebecca
char_277,Natasha
char_278,Kaitlyn
char_279,Andrea
char_280,Kayla
char_281,Sandra
char_282,Michelle
char_283,Sheila
char_284,Andrew
char_285,Richard
char_286,Andrew
char_287,Andrea
char_288,William
char_289,Kendra
char_290,Bridget
char_291,Thomas
char_292,Brittany
char_293,Phillip
char_294,Keith
char_295,Denise
char_296,Derrick
char_297,Johnathan
char_298,Judith
char_299,Taylor
char_300,Tammy
char_301,Mark
char_302,Douglas
char_303,Daniel
char_304,Joshua
char_305,Tiffany
char_306,Anthony
char_307,Andrew
char_308,April
char_309,Desiree
char_310,Joel
char_311,Ashley
char_312,James
char_313,Sara
char_314,Laura
char_315,Paula
char_316,Scott
char_317,Jeffery
char_318,Elizabeth
char_319,Sandra
char_320,Charles
char_321,Jonathan
char_322,Heather
char_323,Robert
char_324,Bianca
char_325,Peter
char_326,Ashley
char_327,Ashley
char_328,Kara
char_329,Kathy
char_330,Ryan
char_331,William
char_332,Russell
char_333,Rebecca
char_334,Angela
char_335,Carmen
char_336,Matthew
char_337,John
char_338,Joshua
char_339,James
char_340,Julie
char_341,Corey
char_342,Joseph
char_343,Terry
char_344,Jose
char_345,Timothy
char_346,John
char_347,Donna
char_348,Mercedes
char_349,Kirk
char_350,Ashley
char_351,Elizabeth
char_352,Eric
char_353,Melissa
char_354,Christina
char_355,Roger
char_356,Ashley
char_357,Sandra
char_358,Tyler
char_359,Jacqueline
char_360,Manuel
char_361,Joseph
char_362,James
char_363,Elaine
char_364,William
char_365,Joshua
char_366,Amy
char_367,Erin
char_368,Stephen
char_369,Douglas
char_370,Christopher
char_371,Anna
char_372,Matthew
char_373,Amanda
char_374,Kenneth
char_375,Jane
char_376,Janice
char_377,Lawrence
char_378,Brandon
char_379,Brian
char_380,Aaron
char_381,Spencer
char_382,Rodney
char_383,Shannon
char_384,Brian
char_385,Ronald
char_386,Joseph
char_387,Mary
char_388,Colleen
char_389,Donald
char_390,Nathan
char_391,Joshua
char_392,Nicole
char_393,Pamela
char_394,Kevin
char_395,Amber
char_396,Gilbert
char_397,Melody
char_398,Daniel
char_399,Jared
char_400,Jennifer
char_401,James
char_402,Joseph
char_403,Marvin
char_404,Caitlin
char_405,Dylan
char_406,Benjamin
char_407,Jose
char_408,Matthew
char_409,Mike
char_410,Allison
char_411,Nathan
char_412,Tammy
char_413,Victor
char_414,Angelica
char_415,Bryan
char_416,Scott
char_417,Stephen
char_418,Mariah
char_419,Diana
char_420,Kenneth
char_421,Jacob
char_422,Nicole
char_423,Jessica
char_424,Sean
char_425,Adam
char_426,Michael
char_427,Anna
char_428,Elizabeth
char_429,Janet
char_430,Martin
char_431,Kimberly
char_432,Robert
char_433,Victoria
char_434,Scott
char_435,Charles
char_436,Susan
char_437,Joshua
char_438,Dustin
char_439,Dawn
char_440,Christopher
char_441,Jacob
char_442,Diane
char_443,Laura
char_444,Paul
char_445,David
char_446,Lisa
char_447,Matthew
char_448,Jenna
char_449,Sarah
char_450,Anthony
char_451,Randy
char_452,James
char_453,Dana
char_454,Cameron
char_455,Shane
char_456,Daniel
char_457,Jennifer
char_458,Jennifer
char_459,Megan
char_460,Justin
char_461,Julie
char_462,Randall
char_463,Tamara
char_464,Paul
char_465,Carol
char_466,Chad
char_467,David
char_468,Nicholas
char_469,Eric
char_470,David
char_471,David
char_472,Colleen
char_473,Hailey
char_474,Heather
char_475,Sarah
char_476,Aaron
char_477,Henry
char_478,Mary
char_479,Alexis
char_480,Alyssa
char_481,Lisa
char_482,Amber
char_483,Rhonda
char_484,Kelsey
char_485,Karen
char_486,Savannah
char_487,Lisa
char_488,Yolanda
char_489,Mercedes
char_490,Bradley
char_491,Lance
char_492,Debra
char_493,Colton
char_494,Christopher
char_495,Patrick
char_496,Emma
char_497,David
char_498,Kristen
char_499,Christopher
char_500,Stefanie
char_501,Courtney
char_502,David
char_503,Emily
char_504,Jeff
char_505,Mike
char_506,Amy
char_507,Stephen
char_508,Michael
char_509,Christopher
char_510,Heather
char_511,Charles
char_512,Jon
char_513,Joseph
char_514,Stacy
char_515,Karen
char_516,Joseph
char_517,Cassie
char_518,John
char_519,Christina
char_520,Christopher
char_521,Tyler
char_522,Brenda
char_523,Peter
char_524,Lindsey
char_525,Nicole
char_526,Lisa
char_527,Sandra
char_528,Rebecca
char_529,Courtney
char_530,Victoria
char_531,Harry
char_532,Susan
char_533,Joseph
char_534,Melvin
char_535,Michelle
char_536,Sarah
char_537,William
char_538,Sabrina
char_539,Brenda
char_540,Shelby
char_541,Corey
char_542,Laura
char_543,Stephen
char_544,Brandon
char_545,Todd
char_546,Dennis
char_547,Gary
char_548,Micheal
char_549,Mark
char_550,Holly
char_551,Richard
char_552,Sally
char_553,Bradley
char_554,Harry
char_555,Jason
char_556,Teresa
char_557,Amanda
char_558,David
char_559,Jo
char_560,Carl
char_561,Taylor
char_562,Robin
char_563,Jennifer
char_564,Ashley
char_565,Anthony
char_566,Luke
char_567,Erika
char_568,Adam
char_569,Corey
char_570,Richard
char_571,James
char_572,Larry
char_573,Amanda
char_574,Christopher
char_575,Carrie
char_576,Jacob
char_577,Jacqueline
char_578,Sharon
char_579,Nathan
char_580,Melissa
char_581,Troy
char_582,Gavin
char_583,Aaron
char_584,Sarah
char_585,Kimberly
char_586,Robin
char_587,Adam
char_588,Matthew
char_589,Lance
char_590,Tammy
char_591,Shelby
char_592,Luke
char_593,Christine
char_594,Melissa
char_595,Jessica
char_596,Maurice
char_597,Robert
char_598,Paul
char_599,Charles
char_600,Cynthia
char_601,Nicole
char_602,Patricia
char_603,Charles
char_604,Christopher
char_605,Jacob
char_606,Jocelyn
char_607,Laura
char_608,Kenneth
char_609,Patrick
char_610,Molly
char_611,Robert
char_612,Paul
char_613,Cynthia
char_614,Shawn
char_615,Katelyn
char_616,Adam
char_617,Elizabeth
char_618,David
char_619,Meredith
char_620,James
char_621,Stephanie
char_622,Ashley
char_623,Frank
char_624,Sarah
char_625,Andrew
char_626,Amanda
char_627,Dana
char_628,Noah
char_629,Alexandra
char_630,Laura
char_631,Carmen
char_632,Heather
char_633,Sheri
char_634,Kathryn
char_635,Douglas
char_636,Amber
char_637,Carla
char_638,Pamela
char_639,Amber
char_640,Daniel
char_641,Brady
char_642,Michelle
char_643,Kayla
char_644,Nancy
char_645,Sarah
char_646,Jerry
char_647,Parker
char_648,Denise
char_649,Sharon
char_650,Leslie
char_651,Richard
char_652,Melissa
char_653,David
char_654,Brian
char_655,Kimberly
char_656,Nathan
char_657,Caitlin
char_658,Douglas
char_659,Katie
char_660,Christopher
char_661,Kevin
char_662,Janice
char_663,Lori
char_664,Kyle
char_665,Mary
char_666,Jenny
char_667,Elizabeth
char_668,Theresa
char_669,Diane
char_670,Christopher
char_671,Jamie
char_672,Robert
char_673,Scott
char_674,Russell
char_675,Natalie
char_676,Andrew
char_677,Timothy
char_678,Sandra
char_679,Stephen
char_680,Briana
char_681,Larry
char_682,Vickie
char_683,Mark
char_684,Andrew
char_685,Nicholas
char_686,Tonya
char_687,Marissa
char_688,Jose
char_689,Lori
char_690,Michael
char_691,John
char_692,Jasmine
char_693,Zachary
char_694,Karl
char_695,Tracy
char_696,Antonio
char_697,Sierra
char_698,Jonathan
char_699,Allen
char_700,Bruce
char_701,Karla
char_702,Eddie
char_703,Alexis
char_704,Ashley
char_705,Patricia
char_706,Ann
char_707,Barry
char_708,Gina
char_709,Mary
char_710,Rachel
char_711,Gloria
char_712,Mark
char_713,Taylor
char_714,Jacob
char_715,Amber
char_716,James
char_717,Mark
char_718,Julie
char_719,Molly
char_720,Tracy
char_721,Lisa
char_722,Beth
char_723,Felicia
char_724,Jordan
char_725,Sara
char_726,William
char_727,Jason
char_728,Amy
char_729,James
char_730,Kenneth
char_731,Anthony
char_732,Aaron
char_733,Stephen
char_734,Matthew
char_735,Christopher
char_736,Justin
char_737,Mason
char_738,Theresa
char_739,David
char_740,Tina
char_741,Brian
char_742,Derrick
char_743,Michael
char_744,Charles
char_745,Amber
char_746,Frank
char_747,Richard
char_748,Stephanie
char_749,Keith
